"Access","StartTime","StopTime","Duration"
1,1 Jun 2022 01:19:53.654,1 Jun 2022 01:26:18.466,384.812
2,1 Jun 2022 02:54:09.384,1 Jun 2022 03:01:19.946,430.562
3,1 Jun 2022 04:28:45.300,1 Jun 2022 04:36:40.716,475.415
4,1 Jun 2022 06:04:05.189,1 Jun 2022 06:12:12.641,487.452
5,1 Jun 2022 07:40:20.792,1 Jun 2022 07:47:51.954,451.162
6,1 Jun 2022 09:17:31.384,1 Jun 2022 09:23:38.969,367.585
7,1 Jun 2022 10:55:17.823,1 Jun 2022 10:59:41.606,263.783
8,1 Jun 2022 12:32:47.368,1 Jun 2022 12:36:28.582,221.214
9,1 Jun 2022 14:09:15.706,1 Jun 2022 14:14:11.328,295.623
10,1 Jun 2022 15:45:11.556,1 Jun 2022 15:51:50.104,398.548
11,1 Jun 2022 17:20:55.773,1 Jun 2022 17:28:44.093,468.320
12,1 Jun 2022 18:56:32.895,1 Jun 2022 19:04:41.331,488.436
13,1 Jun 2022 20:32:01.863,1 Jun 2022 20:39:45.317,463.454
14,1 Jun 2022 22:07:17.550,1 Jun 2022 22:14:11.640,414.090
15,1 Jun 2022 23:42:10.771,1 Jun 2022 23:48:27.481,376.710
16,2 Jun 2022 01:16:36.860,2 Jun 2022 01:23:01.539,384.679
17,2 Jun 2022 02:50:52.570,2 Jun 2022 02:58:02.921,430.351
18,2 Jun 2022 04:25:28.346,2 Jun 2022 04:33:23.628,475.282
19,2 Jun 2022 06:00:48.022,2 Jun 2022 06:08:55.519,487.496
20,2 Jun 2022 07:37:03.388,2 Jun 2022 07:44:34.803,451.415
21,2 Jun 2022 09:14:13.776,2 Jun 2022 09:20:21.778,368.002
22,2 Jun 2022 10:52:00.148,2 Jun 2022 10:56:24.312,264.164
23,2 Jun 2022 12:29:29.906,2 Jun 2022 12:33:11.026,221.121
24,2 Jun 2022 14:05:58.458,2 Jun 2022 14:10:53.650,295.192
25,2 Jun 2022 15:41:54.382,2 Jun 2022 15:48:32.553,398.171
26,2 Jun 2022 17:17:38.632,2 Jun 2022 17:25:26.764,468.132
27,2 Jun 2022 18:53:15.782,2 Jun 2022 19:01:24.236,488.454
28,2 Jun 2022 20:28:44.791,2 Jun 2022 20:36:28.417,463.627
29,2 Jun 2022 22:04:00.549,2 Jun 2022 22:10:54.846,414.297
30,2 Jun 2022 23:38:53.882,2 Jun 2022 23:45:10.665,376.783
31,3 Jun 2022 01:13:20.065,3 Jun 2022 01:19:44.612,384.547
32,3 Jun 2022 02:47:35.756,3 Jun 2022 02:54:45.893,430.137
33,3 Jun 2022 04:22:11.393,3 Jun 2022 04:30:06.541,475.148
34,3 Jun 2022 05:57:30.856,3 Jun 2022 06:05:38.396,487.540
35,3 Jun 2022 07:33:45.985,3 Jun 2022 07:41:17.652,451.667
36,3 Jun 2022 09:10:56.170,3 Jun 2022 09:17:04.588,368.419
37,3 Jun 2022 10:48:42.474,3 Jun 2022 10:53:07.019,264.545
38,3 Jun 2022 12:26:12.443,3 Jun 2022 12:29:53.472,221.030
39,3 Jun 2022 14:02:41.210,3 Jun 2022 14:07:35.971,294.761
40,3 Jun 2022 15:38:37.207,3 Jun 2022 15:45:15.000,397.793
41,3 Jun 2022 17:14:21.490,3 Jun 2022 17:22:09.434,467.944
42,3 Jun 2022 18:49:58.669,3 Jun 2022 18:58:07.141,488.471
43,3 Jun 2022 20:25:27.718,3 Jun 2022 20:33:11.517,463.799
44,3 Jun 2022 22:00:43.548,3 Jun 2022 22:07:38.053,414.505
45,3 Jun 2022 23:35:36.992,3 Jun 2022 23:41:53.850,376.858
46,4 Jun 2022 01:10:03.270,4 Jun 2022 01:16:27.686,384.416
47,4 Jun 2022 02:44:18.943,4 Jun 2022 02:51:28.866,429.923
48,4 Jun 2022 04:18:54.441,4 Jun 2022 04:26:49.455,475.014
49,4 Jun 2022 05:54:13.691,4 Jun 2022 06:02:21.273,487.582
50,4 Jun 2022 07:30:28.583,4 Jun 2022 07:38:00.504,451.921
51,4 Jun 2022 09:07:38.564,4 Jun 2022 09:13:47.399,368.835
52,4 Jun 2022 10:45:24.799,4 Jun 2022 10:49:49.726,264.927
53,4 Jun 2022 12:22:54.978,4 Jun 2022 12:26:35.919,220.941
54,4 Jun 2022 13:59:23.962,4 Jun 2022 14:04:18.292,294.331
55,4 Jun 2022 15:35:20.032,4 Jun 2022 15:41:57.447,397.415
56,4 Jun 2022 17:11:04.348,4 Jun 2022 17:18:52.102,467.754
57,4 Jun 2022 18:46:41.556,4 Jun 2022 18:54:50.044,488.488
58,4 Jun 2022 20:22:10.646,4 Jun 2022 20:29:54.617,463.971
59,4 Jun 2022 21:57:26.547,4 Jun 2022 22:04:21.259,414.713
60,4 Jun 2022 23:32:20.102,4 Jun 2022 23:38:37.036,376.934
61,5 Jun 2022 01:06:46.475,5 Jun 2022 01:13:10.760,384.285
62,5 Jun 2022 02:41:02.130,5 Jun 2022 02:48:11.839,429.709
63,5 Jun 2022 04:15:37.489,5 Jun 2022 04:23:32.368,474.879
64,5 Jun 2022 05:50:56.527,5 Jun 2022 05:59:04.151,487.624
65,5 Jun 2022 07:27:11.183,5 Jun 2022 07:34:43.354,452.171
66,5 Jun 2022 09:04:20.959,5 Jun 2022 09:10:30.209,369.250
67,5 Jun 2022 10:42:07.124,5 Jun 2022 10:46:32.434,265.310
68,5 Jun 2022 12:19:37.513,5 Jun 2022 12:23:18.368,220.855
69,5 Jun 2022 13:56:06.713,5 Jun 2022 14:01:00.613,293.901
70,5 Jun 2022 15:32:02.857,5 Jun 2022 15:38:39.893,397.035
71,5 Jun 2022 17:07:47.206,5 Jun 2022 17:15:34.769,467.563
72,5 Jun 2022 18:43:24.443,5 Jun 2022 18:51:32.947,488.504
73,5 Jun 2022 20:18:53.573,5 Jun 2022 20:26:37.716,464.142
74,5 Jun 2022 21:54:09.545,5 Jun 2022 22:01:04.466,414.921
75,5 Jun 2022 23:29:03.211,5 Jun 2022 23:35:20.222,377.010
76,6 Jun 2022 01:03:29.680,6 Jun 2022 01:09:53.835,384.156
77,6 Jun 2022 02:37:45.317,6 Jun 2022 02:44:54.813,429.496
78,6 Jun 2022 04:12:20.539,6 Jun 2022 04:20:15.282,474.743
79,6 Jun 2022 05:47:39.365,6 Jun 2022 05:55:47.029,487.665
80,6 Jun 2022 07:23:53.783,6 Jun 2022 07:31:26.204,452.421
81,6 Jun 2022 09:01:03.354,6 Jun 2022 09:07:13.020,369.665
82,6 Jun 2022 10:38:49.449,6 Jun 2022 10:43:15.143,265.694
83,6 Jun 2022 12:16:20.047,6 Jun 2022 12:20:00.817,220.770
84,6 Jun 2022 13:52:49.464,6 Jun 2022 13:57:42.935,293.471
85,6 Jun 2022 15:28:45.682,6 Jun 2022 15:35:22.338,396.655
86,6 Jun 2022 17:04:30.064,6 Jun 2022 17:12:17.435,467.371
87,6 Jun 2022 18:40:07.329,6 Jun 2022 18:48:15.848,488.519
88,6 Jun 2022 20:15:36.501,6 Jun 2022 20:23:20.814,464.314
89,6 Jun 2022 21:50:52.543,6 Jun 2022 21:57:47.672,415.129
90,6 Jun 2022 23:25:46.320,6 Jun 2022 23:32:03.408,377.088
91,7 Jun 2022 01:00:12.884,7 Jun 2022 01:06:36.911,384.027
92,7 Jun 2022 02:34:28.505,7 Jun 2022 02:41:37.787,429.282
93,7 Jun 2022 04:09:03.589,7 Jun 2022 04:16:58.196,474.607
94,7 Jun 2022 05:44:22.203,7 Jun 2022 05:52:29.907,487.704
95,7 Jun 2022 07:20:36.384,7 Jun 2022 07:28:09.054,452.670
96,7 Jun 2022 08:57:45.751,7 Jun 2022 09:03:55.831,370.080
97,7 Jun 2022 10:35:31.773,7 Jun 2022 10:39:57.852,266.079
98,7 Jun 2022 12:13:02.579,7 Jun 2022 12:16:43.268,220.689
99,7 Jun 2022 13:49:32.214,7 Jun 2022 13:54:25.256,293.042
100,7 Jun 2022 15:25:28.507,7 Jun 2022 15:32:04.782,396.275
101,7 Jun 2022 17:01:12.923,7 Jun 2022 17:09:00.100,467.178
102,7 Jun 2022 18:36:50.216,7 Jun 2022 18:44:58.749,488.533
103,7 Jun 2022 20:12:19.428,7 Jun 2022 20:20:03.912,464.484
104,7 Jun 2022 21:47:35.541,7 Jun 2022 21:54:30.878,415.337
105,7 Jun 2022 23:22:29.429,7 Jun 2022 23:28:46.594,377.166
106,8 Jun 2022 00:56:56.089,8 Jun 2022 01:03:19.987,383.898
107,8 Jun 2022 02:31:11.693,8 Jun 2022 02:38:20.761,429.068
108,8 Jun 2022 04:05:46.639,8 Jun 2022 04:13:41.110,474.471
109,8 Jun 2022 05:41:05.042,8 Jun 2022 05:49:12.786,487.744
110,8 Jun 2022 07:17:18.987,8 Jun 2022 07:24:51.904,452.918
111,8 Jun 2022 08:54:28.147,8 Jun 2022 09:00:38.642,370.494
112,8 Jun 2022 10:32:14.098,8 Jun 2022 10:36:40.563,266.465
113,8 Jun 2022 12:09:45.110,8 Jun 2022 12:13:25.720,220.610
114,8 Jun 2022 13:46:14.964,8 Jun 2022 13:51:07.577,292.613
115,8 Jun 2022 15:22:11.332,8 Jun 2022 15:28:47.226,395.894
116,8 Jun 2022 16:57:55.780,8 Jun 2022 17:05:42.767,466.987
117,8 Jun 2022 18:33:33.103,8 Jun 2022 18:41:41.649,488.547
118,8 Jun 2022 20:09:02.355,8 Jun 2022 20:16:47.010,464.655
119,8 Jun 2022 21:44:18.538,8 Jun 2022 21:51:14.084,415.546
120,8 Jun 2022 23:19:12.537,8 Jun 2022 23:25:29.781,377.245
121,9 Jun 2022 00:53:39.293,9 Jun 2022 01:00:03.063,383.770
122,9 Jun 2022 02:27:54.882,9 Jun 2022 02:35:03.736,428.854
123,9 Jun 2022 04:02:29.691,9 Jun 2022 04:10:24.025,474.333
124,9 Jun 2022 05:37:47.882,9 Jun 2022 05:45:55.664,487.782
125,9 Jun 2022 07:14:01.590,9 Jun 2022 07:21:34.755,453.165
126,9 Jun 2022 08:51:10.545,9 Jun 2022 08:57:21.454,370.908
127,9 Jun 2022 10:28:56.422,9 Jun 2022 10:33:23.274,266.852
128,9 Jun 2022 12:06:27.639,9 Jun 2022 12:10:08.173,220.534
129,9 Jun 2022 13:42:57.713,9 Jun 2022 13:47:49.898,292.185
130,9 Jun 2022 15:18:54.156,9 Jun 2022 15:25:29.669,395.512
131,9 Jun 2022 16:54:38.638,9 Jun 2022 17:02:25.431,466.792
132,9 Jun 2022 18:30:15.989,9 Jun 2022 18:38:24.548,488.559
133,9 Jun 2022 20:05:45.282,9 Jun 2022 20:13:30.106,464.824
134,9 Jun 2022 21:41:01.535,9 Jun 2022 21:47:57.289,415.754
135,9 Jun 2022 23:15:55.645,9 Jun 2022 23:22:12.969,377.324
136,10 Jun 2022 00:50:22.497,10 Jun 2022 00:56:46.140,383.643
137,10 Jun 2022 02:24:38.071,10 Jun 2022 02:31:46.711,428.640
138,10 Jun 2022 03:59:12.744,10 Jun 2022 04:07:06.939,474.195
139,10 Jun 2022 05:34:30.723,10 Jun 2022 05:42:38.543,487.819
140,10 Jun 2022 07:10:44.194,10 Jun 2022 07:18:17.605,453.411
141,10 Jun 2022 08:47:52.943,10 Jun 2022 08:54:04.266,371.322
142,10 Jun 2022 10:25:38.745,10 Jun 2022 10:30:05.986,267.241
143,10 Jun 2022 12:03:10.167,10 Jun 2022 12:06:50.628,220.460
144,10 Jun 2022 13:39:40.461,10 Jun 2022 13:44:32.219,291.758
145,10 Jun 2022 15:15:36.980,10 Jun 2022 15:22:12.111,395.130
146,10 Jun 2022 16:51:21.496,10 Jun 2022 16:59:08.093,466.597
147,10 Jun 2022 18:26:58.875,10 Jun 2022 18:35:07.446,488.571
148,10 Jun 2022 20:02:28.208,10 Jun 2022 20:10:13.202,464.993
149,10 Jun 2022 21:37:44.532,10 Jun 2022 21:44:40.495,415.963
150,10 Jun 2022 23:12:38.752,10 Jun 2022 23:18:56.156,377.404
151,11 Jun 2022 00:47:05.701,11 Jun 2022 00:53:29.217,383.516
152,11 Jun 2022 02:21:21.261,11 Jun 2022 02:28:29.686,428.426
153,11 Jun 2022 03:55:55.797,11 Jun 2022 04:03:49.854,474.057
154,11 Jun 2022 05:31:13.565,11 Jun 2022 05:39:21.421,487.856
155,11 Jun 2022 07:07:26.799,11 Jun 2022 07:15:00.456,453.657
156,11 Jun 2022 08:44:35.342,11 Jun 2022 08:50:47.078,371.736
157,11 Jun 2022 10:22:21.069,11 Jun 2022 10:26:48.700,267.631
158,11 Jun 2022 11:59:52.694,11 Jun 2022 12:03:33.084,220.390
159,11 Jun 2022 13:36:23.209,11 Jun 2022 13:41:14.540,291.331
160,11 Jun 2022 15:12:19.804,11 Jun 2022 15:18:54.552,394.748
161,11 Jun 2022 16:48:04.353,11 Jun 2022 16:55:50.755,466.401
162,11 Jun 2022 18:23:41.761,11 Jun 2022 18:31:50.344,488.582
163,11 Jun 2022 19:59:11.135,11 Jun 2022 20:06:56.297,465.163
164,11 Jun 2022 21:34:27.528,11 Jun 2022 21:41:23.700,416.171
165,11 Jun 2022 23:09:21.859,11 Jun 2022 23:15:39.343,377.485
166,12 Jun 2022 00:43:48.905,12 Jun 2022 00:50:12.295,383.390
167,12 Jun 2022 02:18:04.450,12 Jun 2022 02:25:12.662,428.212
168,12 Jun 2022 03:52:38.851,12 Jun 2022 04:00:32.768,473.918
169,12 Jun 2022 05:27:56.408,12 Jun 2022 05:36:04.300,487.892
170,12 Jun 2022 07:04:09.405,12 Jun 2022 07:11:43.307,453.902
171,12 Jun 2022 08:41:17.741,12 Jun 2022 08:47:29.890,372.149
172,12 Jun 2022 10:19:03.392,12 Jun 2022 10:23:31.414,268.022
173,12 Jun 2022 11:56:35.219,12 Jun 2022 12:00:15.541,220.322
174,12 Jun 2022 13:33:05.956,12 Jun 2022 13:37:56.861,290.905
175,12 Jun 2022 15:09:02.628,12 Jun 2022 15:15:36.993,394.365
176,12 Jun 2022 16:44:47.211,12 Jun 2022 16:52:33.418,466.207
177,12 Jun 2022 18:20:24.647,12 Jun 2022 18:28:33.240,488.593
178,12 Jun 2022 19:55:54.061,12 Jun 2022 20:03:39.391,465.330
179,12 Jun 2022 21:31:10.524,12 Jun 2022 21:38:06.904,416.380
180,12 Jun 2022 23:06:04.965,12 Jun 2022 23:12:22.531,377.567
181,13 Jun 2022 00:40:32.108,13 Jun 2022 00:46:55.373,383.264
182,13 Jun 2022 02:14:47.640,13 Jun 2022 02:21:55.640,428.000
183,13 Jun 2022 03:49:21.905,13 Jun 2022 03:57:15.683,473.778
184,13 Jun 2022 05:24:39.252,13 Jun 2022 05:32:47.179,487.927
185,13 Jun 2022 07:00:52.012,13 Jun 2022 07:08:26.157,454.146
186,13 Jun 2022 08:38:00.141,13 Jun 2022 08:44:12.703,372.562
187,13 Jun 2022 10:15:45.714,13 Jun 2022 10:20:14.128,268.414
188,13 Jun 2022 11:53:17.743,13 Jun 2022 11:56:57.999,220.256
189,13 Jun 2022 13:29:48.702,13 Jun 2022 13:34:39.182,290.480
190,13 Jun 2022 15:05:45.451,13 Jun 2022 15:12:19.433,393.982
191,13 Jun 2022 16:41:30.068,13 Jun 2022 16:49:16.077,466.010
192,13 Jun 2022 18:17:07.533,13 Jun 2022 18:25:16.135,488.602
193,13 Jun 2022 19:52:36.986,13 Jun 2022 20:00:22.484,465.498
194,13 Jun 2022 21:27:53.519,13 Jun 2022 21:34:50.109,416.589
195,13 Jun 2022 23:02:48.070,13 Jun 2022 23:09:05.719,377.649
196,14 Jun 2022 00:37:15.311,14 Jun 2022 00:43:38.451,383.140
197,14 Jun 2022 02:11:30.830,14 Jun 2022 02:18:38.616,427.786
198,14 Jun 2022 03:46:04.960,14 Jun 2022 03:53:58.598,473.638
199,14 Jun 2022 05:21:22.096,14 Jun 2022 05:29:30.057,487.961
200,14 Jun 2022 06:57:34.619,14 Jun 2022 07:05:09.008,454.389
201,14 Jun 2022 08:34:42.541,14 Jun 2022 08:40:55.515,372.974
202,14 Jun 2022 10:12:28.036,14 Jun 2022 10:16:56.843,268.807
203,14 Jun 2022 11:50:00.265,14 Jun 2022 11:53:40.458,220.193
204,14 Jun 2022 13:26:31.448,14 Jun 2022 13:31:21.502,290.054
205,14 Jun 2022 15:02:28.274,14 Jun 2022 15:09:01.872,393.598
206,14 Jun 2022 16:38:12.924,14 Jun 2022 16:45:58.736,465.811
207,14 Jun 2022 18:13:50.418,14 Jun 2022 18:21:59.029,488.611
208,14 Jun 2022 19:49:19.912,14 Jun 2022 19:57:05.576,465.665
209,14 Jun 2022 21:24:36.514,14 Jun 2022 21:31:33.313,416.798
210,14 Jun 2022 22:59:31.175,14 Jun 2022 23:05:48.907,377.732
211,15 Jun 2022 00:33:58.514,15 Jun 2022 00:40:21.528,383.014
212,15 Jun 2022 02:08:14.020,15 Jun 2022 02:15:21.592,427.572
213,15 Jun 2022 03:42:48.016,15 Jun 2022 03:50:41.513,473.497
214,15 Jun 2022 05:18:04.942,15 Jun 2022 05:26:12.936,487.994
215,15 Jun 2022 06:54:17.227,15 Jun 2022 07:01:51.859,454.631
216,15 Jun 2022 08:31:24.942,15 Jun 2022 08:37:38.328,373.385
217,15 Jun 2022 10:09:10.359,15 Jun 2022 10:13:39.559,269.200
218,15 Jun 2022 11:46:42.787,15 Jun 2022 11:50:22.918,220.131
219,15 Jun 2022 13:23:14.194,15 Jun 2022 13:28:03.823,289.629
220,15 Jun 2022 14:59:11.096,15 Jun 2022 15:05:44.310,393.213
221,15 Jun 2022 16:34:55.781,15 Jun 2022 16:42:41.393,465.612
222,15 Jun 2022 18:10:33.303,15 Jun 2022 18:18:41.922,488.619
223,15 Jun 2022 19:46:02.837,15 Jun 2022 19:53:48.668,465.831
224,15 Jun 2022 21:21:19.508,15 Jun 2022 21:28:16.517,417.008
225,15 Jun 2022 22:56:14.279,15 Jun 2022 23:02:32.096,377.817
226,16 Jun 2022 00:30:41.716,16 Jun 2022 00:37:04.608,382.891
227,16 Jun 2022 02:04:57.211,16 Jun 2022 02:12:04.569,427.358
228,16 Jun 2022 03:39:31.072,16 Jun 2022 03:47:24.428,473.356
229,16 Jun 2022 05:14:47.788,16 Jun 2022 05:22:55.815,488.027
230,16 Jun 2022 06:50:59.837,16 Jun 2022 06:58:34.710,454.873
231,16 Jun 2022 08:28:07.344,16 Jun 2022 08:34:21.141,373.796
232,16 Jun 2022 10:05:52.681,16 Jun 2022 10:10:22.275,269.594
233,16 Jun 2022 11:43:25.307,16 Jun 2022 11:47:05.379,220.072
234,16 Jun 2022 13:19:56.939,16 Jun 2022 13:24:46.142,289.204
235,16 Jun 2022 14:55:53.919,16 Jun 2022 15:02:26.747,392.828
236,16 Jun 2022 16:31:38.638,16 Jun 2022 16:39:24.049,465.412
237,16 Jun 2022 18:07:16.188,16 Jun 2022 18:15:24.814,488.626
238,16 Jun 2022 19:42:45.761,16 Jun 2022 19:50:31.759,465.997
239,16 Jun 2022 21:18:02.502,16 Jun 2022 21:24:59.720,417.218
240,16 Jun 2022 22:52:57.383,16 Jun 2022 22:59:15.285,377.902
241,17 Jun 2022 00:27:24.918,17 Jun 2022 00:33:47.688,382.769
242,17 Jun 2022 02:01:40.402,17 Jun 2022 02:08:47.546,427.144
243,17 Jun 2022 03:36:14.130,17 Jun 2022 03:44:07.344,473.214
244,17 Jun 2022 05:11:30.635,17 Jun 2022 05:19:38.694,488.058
245,17 Jun 2022 06:47:42.448,17 Jun 2022 06:55:17.560,455.113
246,17 Jun 2022 08:24:49.747,17 Jun 2022 08:31:03.953,374.206
247,17 Jun 2022 10:02:35.003,17 Jun 2022 10:07:04.989,269.985
248,17 Jun 2022 11:40:07.827,17 Jun 2022 11:43:47.841,220.014
249,17 Jun 2022 13:16:39.684,17 Jun 2022 13:21:28.462,288.779
250,17 Jun 2022 14:52:36.742,17 Jun 2022 14:59:09.184,392.442
251,17 Jun 2022 16:28:21.494,17 Jun 2022 16:36:06.705,465.211
252,17 Jun 2022 18:03:59.073,17 Jun 2022 18:12:07.705,488.632
253,17 Jun 2022 19:39:28.686,17 Jun 2022 19:47:14.849,466.163
254,17 Jun 2022 21:14:45.496,17 Jun 2022 21:21:42.924,417.428
255,17 Jun 2022 22:49:40.486,17 Jun 2022 22:55:58.475,377.989
256,18 Jun 2022 00:24:08.120,18 Jun 2022 00:30:30.769,382.648
257,18 Jun 2022 01:58:23.593,18 Jun 2022 02:05:30.524,426.931
258,18 Jun 2022 03:32:57.188,18 Jun 2022 03:40:50.260,473.072
259,18 Jun 2022 05:08:13.484,18 Jun 2022 05:16:21.573,488.089
260,18 Jun 2022 06:44:25.059,18 Jun 2022 06:52:00.412,455.352
261,18 Jun 2022 08:21:32.151,18 Jun 2022 08:27:46.767,374.616
262,18 Jun 2022 09:59:17.326,18 Jun 2022 10:03:47.706,270.380
263,18 Jun 2022 11:36:50.346,18 Jun 2022 11:40:30.304,219.958
264,18 Jun 2022 13:13:22.428,18 Jun 2022 13:18:10.782,288.354
265,18 Jun 2022 14:49:19.565,18 Jun 2022 14:55:51.620,392.056
266,18 Jun 2022 16:25:04.351,18 Jun 2022 16:32:49.360,465.009
267,18 Jun 2022 18:00:41.958,18 Jun 2022 18:08:50.596,488.638
268,18 Jun 2022 19:36:11.611,18 Jun 2022 19:43:57.939,466.328
269,18 Jun 2022 21:11:28.489,18 Jun 2022 21:18:26.128,417.638
270,18 Jun 2022 22:46:23.589,18 Jun 2022 22:52:41.665,378.076
271,19 Jun 2022 00:20:51.322,19 Jun 2022 00:27:13.850,382.528
272,19 Jun 2022 01:55:06.785,19 Jun 2022 02:02:13.502,426.717
273,19 Jun 2022 03:29:40.247,19 Jun 2022 03:37:33.176,472.929
274,19 Jun 2022 05:04:56.333,19 Jun 2022 05:13:04.452,488.119
275,19 Jun 2022 06:41:07.672,19 Jun 2022 06:48:43.263,455.591
276,19 Jun 2022 08:18:14.555,19 Jun 2022 08:24:29.580,375.025
277,19 Jun 2022 09:55:59.648,19 Jun 2022 10:00:30.424,270.776
278,19 Jun 2022 11:33:32.863,19 Jun 2022 11:37:12.768,219.905
279,19 Jun 2022 13:10:05.172,19 Jun 2022 13:14:53.102,287.930
280,19 Jun 2022 14:46:02.387,19 Jun 2022 14:52:34.056,391.668
281,19 Jun 2022 16:21:47.208,19 Jun 2022 16:29:32.013,464.806
282,19 Jun 2022 17:57:24.843,19 Jun 2022 18:05:33.486,488.643
283,19 Jun 2022 19:32:54.535,19 Jun 2022 19:40:41.029,466.493
284,19 Jun 2022 21:08:11.482,19 Jun 2022 21:15:09.331,417.849
285,19 Jun 2022 22:43:06.691,19 Jun 2022 22:49:24.856,378.164
286,20 Jun 2022 00:17:34.524,20 Jun 2022 00:23:56.932,382.408
287,20 Jun 2022 01:51:49.977,20 Jun 2022 01:58:56.481,426.504
288,20 Jun 2022 03:26:23.306,20 Jun 2022 03:34:16.092,472.786
289,20 Jun 2022 05:01:39.184,20 Jun 2022 05:09:47.332,488.148
290,20 Jun 2022 06:37:50.286,20 Jun 2022 06:45:26.115,455.829
291,20 Jun 2022 08:14:56.960,20 Jun 2022 08:21:12.394,375.434
292,20 Jun 2022 09:52:41.971,20 Jun 2022 09:57:13.143,271.173
293,20 Jun 2022 11:30:15.379,20 Jun 2022 11:33:55.234,219.855
294,20 Jun 2022 13:06:47.916,20 Jun 2022 13:11:35.422,287.506
295,20 Jun 2022 14:42:45.210,20 Jun 2022 14:49:16.490,391.281
296,20 Jun 2022 16:18:30.064,20 Jun 2022 16:26:14.666,464.602
297,20 Jun 2022 17:54:07.728,20 Jun 2022 18:02:16.374,488.647
298,20 Jun 2022 19:29:37.460,20 Jun 2022 19:37:24.117,466.658
299,20 Jun 2022 21:04:54.475,20 Jun 2022 21:11:52.535,418.059
300,20 Jun 2022 22:39:49.793,20 Jun 2022 22:46:08.046,378.253
301,21 Jun 2022 00:14:17.725,21 Jun 2022 00:20:40.014,382.289
302,21 Jun 2022 01:48:33.169,21 Jun 2022 01:55:39.460,426.290
303,21 Jun 2022 03:23:06.367,21 Jun 2022 03:30:59.009,472.642
304,21 Jun 2022 04:58:22.036,21 Jun 2022 05:06:30.212,488.176
305,21 Jun 2022 06:34:32.900,21 Jun 2022 06:42:08.967,456.066
306,21 Jun 2022 08:11:39.366,21 Jun 2022 08:17:55.208,375.842
307,21 Jun 2022 09:49:24.293,21 Jun 2022 09:53:55.863,271.570
308,21 Jun 2022 11:26:57.894,21 Jun 2022 11:30:37.702,219.807
309,21 Jun 2022 13:03:30.658,21 Jun 2022 13:08:17.742,287.084
310,21 Jun 2022 14:39:28.032,21 Jun 2022 14:45:58.924,390.892
311,21 Jun 2022 16:15:12.921,21 Jun 2022 16:22:57.319,464.398
312,21 Jun 2022 17:50:50.613,21 Jun 2022 17:58:59.262,488.650
313,21 Jun 2022 19:26:20.384,21 Jun 2022 19:34:07.205,466.821
314,21 Jun 2022 21:01:37.468,21 Jun 2022 21:08:35.738,418.270
315,21 Jun 2022 22:36:32.895,21 Jun 2022 22:42:51.237,378.342
316,22 Jun 2022 00:11:00.927,22 Jun 2022 00:17:23.097,382.171
317,22 Jun 2022 01:45:16.362,22 Jun 2022 01:52:22.439,426.077
318,22 Jun 2022 03:19:49.428,22 Jun 2022 03:27:41.926,472.497
319,22 Jun 2022 04:55:04.888,22 Jun 2022 05:03:13.092,488.204
320,22 Jun 2022 06:31:15.516,22 Jun 2022 06:38:51.819,456.302
321,22 Jun 2022 08:08:21.773,22 Jun 2022 08:14:38.023,376.250
322,22 Jun 2022 09:46:06.614,22 Jun 2022 09:50:38.582,271.967
323,22 Jun 2022 11:23:40.408,22 Jun 2022 11:27:20.170,219.763
324,22 Jun 2022 13:00:13.401,22 Jun 2022 13:05:00.062,286.662
325,22 Jun 2022 14:36:10.854,22 Jun 2022 14:42:41.358,390.504
326,22 Jun 2022 16:11:55.777,22 Jun 2022 16:19:39.970,464.193
327,22 Jun 2022 17:47:33.497,22 Jun 2022 17:55:42.150,488.652
328,22 Jun 2022 19:23:03.308,22 Jun 2022 19:30:50.292,466.984
329,22 Jun 2022 20:58:20.460,22 Jun 2022 21:05:18.940,418.480
330,22 Jun 2022 22:33:15.996,22 Jun 2022 22:39:34.429,378.432
331,23 Jun 2022 00:07:44.128,23 Jun 2022 00:14:06.181,382.053
332,23 Jun 2022 01:41:59.556,23 Jun 2022 01:49:05.418,425.863
333,23 Jun 2022 03:16:32.490,23 Jun 2022 03:24:24.843,472.352
334,23 Jun 2022 04:51:47.742,23 Jun 2022 04:59:55.972,488.231
335,23 Jun 2022 06:27:58.133,23 Jun 2022 06:35:34.671,456.538
336,23 Jun 2022 08:05:04.180,23 Jun 2022 08:11:20.838,376.658
337,23 Jun 2022 09:42:48.936,23 Jun 2022 09:47:21.303,272.367
338,23 Jun 2022 11:20:22.919,23 Jun 2022 11:24:02.640,219.721
339,23 Jun 2022 12:56:56.142,23 Jun 2022 13:01:42.383,286.241
340,23 Jun 2022 14:32:53.676,23 Jun 2022 14:39:23.791,390.115
341,23 Jun 2022 16:08:38.633,23 Jun 2022 16:16:22.620,463.987
342,23 Jun 2022 17:44:16.382,23 Jun 2022 17:52:25.036,488.654
343,23 Jun 2022 19:19:46.232,23 Jun 2022 19:27:33.379,467.147
344,23 Jun 2022 20:55:03.452,23 Jun 2022 21:02:02.143,418.691
345,23 Jun 2022 22:29:59.097,23 Jun 2022 22:36:17.620,378.523
346,24 Jun 2022 00:04:27.329,24 Jun 2022 00:10:49.264,381.935
347,24 Jun 2022 01:38:42.749,24 Jun 2022 01:45:48.398,425.649
348,24 Jun 2022 03:13:15.553,24 Jun 2022 03:21:07.757,472.204
349,24 Jun 2022 04:48:30.596,24 Jun 2022 04:56:38.852,488.256
350,24 Jun 2022 06:24:40.750,24 Jun 2022 06:32:17.523,456.773
351,24 Jun 2022 08:01:46.587,24 Jun 2022 08:08:03.653,377.065
352,24 Jun 2022 09:39:31.257,24 Jun 2022 09:44:04.026,272.769
353,24 Jun 2022 11:17:05.430,24 Jun 2022 11:20:45.112,219.682
354,24 Jun 2022 12:53:38.883,24 Jun 2022 12:58:24.703,285.820
355,24 Jun 2022 14:29:36.497,24 Jun 2022 14:36:06.222,389.726
356,24 Jun 2022 16:05:21.489,24 Jun 2022 16:13:05.270,463.781
357,24 Jun 2022 17:40:59.266,24 Jun 2022 17:49:07.921,488.654
358,24 Jun 2022 19:16:29.155,24 Jun 2022 19:24:16.465,467.309
359,24 Jun 2022 20:51:46.444,24 Jun 2022 20:58:45.345,418.901
360,24 Jun 2022 22:26:42.197,24 Jun 2022 22:33:00.812,378.615
361,25 Jun 2022 00:01:10.530,25 Jun 2022 00:07:32.349,381.819
362,25 Jun 2022 01:35:25.943,25 Jun 2022 01:42:31.378,425.435
363,25 Jun 2022 03:09:58.617,25 Jun 2022 03:17:50.674,472.058
364,25 Jun 2022 04:45:13.451,25 Jun 2022 04:53:21.733,488.282
365,25 Jun 2022 06:21:23.369,25 Jun 2022 06:29:00.375,457.007
366,25 Jun 2022 07:58:28.996,25 Jun 2022 08:04:46.468,377.472
367,25 Jun 2022 09:36:13.578,25 Jun 2022 09:40:46.749,273.171
368,25 Jun 2022 11:13:47.939,25 Jun 2022 11:17:27.584,219.645
369,25 Jun 2022 12:50:21.623,25 Jun 2022 12:55:07.023,285.400
370,25 Jun 2022 14:26:19.318,25 Jun 2022 14:32:48.654,389.336
371,25 Jun 2022 16:02:04.345,25 Jun 2022 16:09:47.918,463.573
372,25 Jun 2022 17:37:42.150,25 Jun 2022 17:45:50.805,488.654
373,25 Jun 2022 19:13:12.079,25 Jun 2022 19:20:59.550,467.471
374,25 Jun 2022 20:48:29.435,25 Jun 2022 20:55:28.547,419.112
375,25 Jun 2022 22:23:25.297,25 Jun 2022 22:29:44.004,378.707
376,25 Jun 2022 23:57:53.730,26 Jun 2022 00:04:15.433,381.703
377,26 Jun 2022 01:32:09.137,26 Jun 2022 01:39:14.359,425.222
378,26 Jun 2022 03:06:41.681,26 Jun 2022 03:14:33.592,471.911
379,26 Jun 2022 04:41:56.307,26 Jun 2022 04:50:04.613,488.306
380,26 Jun 2022 06:18:05.988,26 Jun 2022 06:25:43.227,457.240
381,26 Jun 2022 07:55:11.404,26 Jun 2022 08:01:29.283,377.879
382,26 Jun 2022 09:32:55.899,26 Jun 2022 09:37:29.472,273.573
383,26 Jun 2022 11:10:30.447,26 Jun 2022 11:14:10.058,219.611
384,26 Jun 2022 12:47:04.362,26 Jun 2022 12:51:49.343,284.981
385,26 Jun 2022 14:23:02.139,26 Jun 2022 14:29:31.084,388.945
386,26 Jun 2022 15:58:47.201,26 Jun 2022 16:06:30.565,463.365
387,26 Jun 2022 17:34:25.034,26 Jun 2022 17:42:33.688,488.654
388,26 Jun 2022 19:09:55.002,26 Jun 2022 19:17:42.634,467.632
389,26 Jun 2022 20:45:12.425,26 Jun 2022 20:52:11.748,419.323
390,26 Jun 2022 22:20:08.396,26 Jun 2022 22:26:27.196,378.800
391,26 Jun 2022 23:54:36.930,27 Jun 2022 00:00:58.518,381.588
392,27 Jun 2022 01:28:52.331,27 Jun 2022 01:35:57.339,425.008
393,27 Jun 2022 03:03:24.746,27 Jun 2022 03:11:16.509,471.764
394,27 Jun 2022 04:38:39.164,27 Jun 2022 04:46:47.493,488.329
395,27 Jun 2022 06:14:48.608,27 Jun 2022 06:22:26.080,457.472
396,27 Jun 2022 07:51:53.814,27 Jun 2022 07:58:12.099,378.285
397,27 Jun 2022 09:29:38.219,27 Jun 2022 09:34:12.196,273.976
398,27 Jun 2022 11:07:12.954,27 Jun 2022 11:10:52.533,219.579
399,27 Jun 2022 12:43:47.101,27 Jun 2022 12:48:31.663,284.562
400,27 Jun 2022 14:19:44.959,27 Jun 2022 14:26:13.513,388.554
401,27 Jun 2022 15:55:30.056,27 Jun 2022 16:03:13.211,463.155
402,27 Jun 2022 17:31:07.918,27 Jun 2022 17:39:16.570,488.652
403,27 Jun 2022 19:06:37.925,27 Jun 2022 19:14:25.717,467.793
404,27 Jun 2022 20:41:55.415,27 Jun 2022 20:48:54.949,419.534
405,27 Jun 2022 22:16:51.495,27 Jun 2022 22:23:10.388,378.894
406,27 Jun 2022 23:51:20.130,27 Jun 2022 23:57:41.604,381.473
407,28 Jun 2022 01:25:35.526,28 Jun 2022 01:32:40.320,424.794
408,28 Jun 2022 03:00:07.811,28 Jun 2022 03:07:59.427,471.616
409,28 Jun 2022 04:35:22.022,28 Jun 2022 04:43:30.374,488.352
410,28 Jun 2022 06:11:31.229,28 Jun 2022 06:19:08.932,457.703
411,28 Jun 2022 07:48:36.224,28 Jun 2022 07:54:54.914,378.690
412,28 Jun 2022 09:26:20.540,28 Jun 2022 09:30:54.920,274.380
413,28 Jun 2022 11:03:55.459,28 Jun 2022 11:07:35.008,219.549
414,28 Jun 2022 12:40:29.840,28 Jun 2022 12:45:13.983,284.143
415,28 Jun 2022 14:16:27.782,28 Jun 2022 14:22:55.942,388.159
416,28 Jun 2022 15:52:12.911,28 Jun 2022 15:59:55.857,462.945
417,28 Jun 2022 17:27:50.802,28 Jun 2022 17:35:59.451,488.650
418,28 Jun 2022 19:03:20.847,28 Jun 2022 19:11:08.800,467.953
419,28 Jun 2022 20:38:38.405,28 Jun 2022 20:45:38.150,419.745
420,28 Jun 2022 22:13:34.592,28 Jun 2022 22:19:53.581,378.989
421,28 Jun 2022 23:48:03.330,28 Jun 2022 23:54:24.690,381.360
422,29 Jun 2022 01:22:18.721,29 Jun 2022 01:29:23.302,424.581
423,29 Jun 2022 02:56:50.877,29 Jun 2022 03:04:42.345,471.468
424,29 Jun 2022 04:32:04.881,29 Jun 2022 04:40:13.255,488.373
425,29 Jun 2022 06:08:13.851,29 Jun 2022 06:15:51.787,457.936
426,29 Jun 2022 07:45:18.635,29 Jun 2022 07:51:37.730,379.095
427,29 Jun 2022 09:23:02.861,29 Jun 2022 09:27:37.645,274.784
428,29 Jun 2022 11:00:37.963,29 Jun 2022 11:04:17.485,219.522
429,29 Jun 2022 12:37:12.578,29 Jun 2022 12:41:56.303,283.725
430,29 Jun 2022 14:13:10.603,29 Jun 2022 14:19:38.370,387.767
431,29 Jun 2022 15:48:55.766,29 Jun 2022 15:56:38.501,462.734
432,29 Jun 2022 17:24:33.685,29 Jun 2022 17:32:42.331,488.646
433,29 Jun 2022 19:00:03.769,29 Jun 2022 19:07:51.882,468.113
434,29 Jun 2022 20:35:21.395,29 Jun 2022 20:42:21.351,419.957
435,29 Jun 2022 22:10:17.690,29 Jun 2022 22:16:36.774,379.084
436,29 Jun 2022 23:44:46.529,29 Jun 2022 23:51:07.776,381.247
437,30 Jun 2022 01:19:01.916,30 Jun 2022 01:26:06.283,424.368
438,30 Jun 2022 02:53:33.944,30 Jun 2022 03:01:25.263,471.319
439,30 Jun 2022 04:28:47.741,30 Jun 2022 04:36:56.135,488.394
440,30 Jun 2022 06:04:56.474,30 Jun 2022 06:12:34.640,458.165
441,30 Jun 2022 07:42:01.047,30 Jun 2022 07:48:20.546,379.499
442,30 Jun 2022 09:19:45.181,30 Jun 2022 09:24:20.370,275.189
443,30 Jun 2022 10:57:20.467,30 Jun 2022 11:00:59.963,219.496
444,30 Jun 2022 12:33:55.315,30 Jun 2022 12:38:38.622,283.307
445,30 Jun 2022 14:09:53.423,30 Jun 2022 14:16:20.796,387.374
446,30 Jun 2022 15:45:38.622,30 Jun 2022 15:53:21.144,462.523
447,30 Jun 2022 17:21:16.569,30 Jun 2022 17:29:25.211,488.642
448,30 Jun 2022 18:56:46.691,30 Jun 2022 19:04:34.964,468.272
449,30 Jun 2022 20:32:04.384,30 Jun 2022 20:39:04.552,420.168
450,30 Jun 2022 22:07:00.787,30 Jun 2022 22:13:19.968,379.181
451,30 Jun 2022 23:41:29.728,30 Jun 2022 23:47:50.863,381.136